{
  "avg_tokens_per_svg": 765.2066,
  "total_svgs": 286515,
  "estimated_total_tokens": 219243168.99899998,
  "estimated_train_tokens": 214858305.61902
}