{
  "config": "tiny",
  "n_params": 1311872,
  "lr": 0.003,
  "best_val_loss": 1.2653197717666627,
  "final_train_loss": 1.251042127609253,
  "total_steps": 801,
  "effective_batch_tokens": 131072,
  "wall_time_s": 292.5
}