{
  "config": "tiny",
  "n_params": 1311872,
  "lr": 0.003,
  "best_val_loss": 1.268328092098236,
  "final_train_loss": 1.256760984659195,
  "total_steps": 801,
  "effective_batch_tokens": 131072,
  "wall_time_s": 52.6
}