{
  "config": "small",
  "parameterization": "muP",
  "n_params": 4229568,
  "lr": 0.03,
  "best_val_loss": 1.3117504549026489,
  "final_train_loss": 1.2942459881305695,
  "total_steps": 801,
  "effective_batch_tokens": 131072,
  "wall_time_s": 93.7
}