{
  "config": "small_wide",
  "parameterization": "muP",
  "n_params": 3344064,
  "lr": 0.01,
  "best_val_loss": 1.1925180745124817,
  "final_train_loss": 1.182365745306015,
  "total_steps": 801,
  "effective_batch_tokens": 131072,
  "wall_time_s": 70.5
}