{
  "config": "tiny",
  "n_params": 1311872,
  "lr": 0.003,
  "best_val_loss": 1.2671118760108948,
  "final_train_loss": 1.252769023180008,
  "total_steps": 801,
  "effective_batch_tokens": 131072,
  "wall_time_s": 52.9
}