{
  "config": "xl",
  "n_params": 88099584,
  "lr": 0.003,
  "best_val_loss": 2.063141269683838,
  "final_train_loss": 2.0094244480133057,
  "total_steps": 801,
  "effective_batch_tokens": 131072,
  "wall_time_s": 763.8
}