{
  "config": "small_wide",
  "n_params": 2557632,
  "lr": 0.03,
  "best_val_loss": 2.4453867149353026,
  "final_train_loss": 2.371659994125366,
  "total_steps": 801,
  "effective_batch_tokens": 131072,
  "wall_time_s": 69.4
}