{
  "config": "small",
  "parameterization": "muP",
  "n_params": 4229568,
  "lr": 0.01,
  "best_val_loss": 1.2528570580482483,
  "final_train_loss": 1.2428714334964752,
  "total_steps": 801,
  "effective_batch_tokens": 131072,
  "wall_time_s": 93.7
}