{
  "config": "tiny",
  "n_params": 1311872,
  "lr": 0.001,
  "best_val_loss": 1.5131625175476073,
  "final_train_loss": 1.4799005091190338,
  "total_steps": 801,
  "effective_batch_tokens": 131072,
  "wall_time_s": 293.2
}