{
  "config": "tiny",
  "n_params": 1311872,
  "lr": 0.001,
  "best_val_loss": 1.5145070195198058,
  "final_train_loss": 1.4800523817539215,
  "total_steps": 801,
  "effective_batch_tokens": 131072,
  "wall_time_s": 52.8
}