{
  "config": "small_wide",
  "n_params": 2557632,
  "lr": 0.001,
  "best_val_loss": 1.3015658354759216,
  "final_train_loss": 1.2799826860427856,
  "total_steps": 801,
  "effective_batch_tokens": 131072,
  "wall_time_s": 68.9
}