{
  "config": "large_wide",
  "n_params": 14684672,
  "lr": 0.001,
  "dropout": 0.0,
  "weight_decay": 0.1,
  "num_epochs": 1,
  "best_val_loss": 0.993645453453064,
  "final_train_loss": 0.9982873946428299,
  "total_steps": 801,
  "effective_batch_tokens": 131072,
  "wall_time_s": 163.0
}