{
  "config": "large_wide",
  "n_params": 14684672,
  "lr": 0.002,
  "dropout": 0.1,
  "weight_decay": 0.1,
  "num_epochs": 1,
  "best_val_loss": 0.9866433823108673,
  "final_train_loss": 1.044600859284401,
  "total_steps": 801,
  "effective_batch_tokens": 131072,
  "wall_time_s": 168.6
}