{
  "config": "small_wide",
  "parameterization": "muP",
  "n_params": 3344064,
  "lr": 0.3,
  "best_val_loss": 2.8634773445129396,
  "final_train_loss": 2.7858585715293884,
  "total_steps": 801,
  "effective_batch_tokens": 131072,
  "wall_time_s": 69.9
}