{
  "config": "small_wide",
  "n_params": 2557632,
  "lr": 0.0001,
  "best_val_loss": 2.1221176385879517,
  "final_train_loss": 2.0670742988586426,
  "total_steps": 801,
  "effective_batch_tokens": 131072,
  "wall_time_s": 68.9
}