{
  "config": "large_wide",
  "n_params": 14684672,
  "lr": 0.003,
  "dropout": 0.1,
  "weight_decay": 0.1,
  "num_epochs": 1,
  "best_val_loss": 1.025401532649994,
  "final_train_loss": 1.076990157365799,
  "total_steps": 801,
  "effective_batch_tokens": 131072,
  "wall_time_s": 168.7
}