{
  "config": "small_wide",
  "parameterization": "muP",
  "n_params": 3344064,
  "lr": 0.0001,
  "best_val_loss": 3.1298852872848513,
  "final_train_loss": 3.0717219710350037,
  "total_steps": 801,
  "effective_batch_tokens": 131072,
  "wall_time_s": 70.3
}