{
  "config": "tiny",
  "parameterization": "muP",
  "n_params": 1836160,
  "lr": 0.03,
  "best_val_loss": 1.3944604945182801,
  "final_train_loss": 1.3742843568325043,
  "total_steps": 801,
  "effective_batch_tokens": 131072,
  "wall_time_s": 53.6
}