{
  "config": "small",
  "parameterization": "muP",
  "n_params": 4229568,
  "lr": 0.003,
  "best_val_loss": 1.1763755369186402,
  "final_train_loss": 1.1729613244533539,
  "total_steps": 801,
  "effective_batch_tokens": 131072,
  "wall_time_s": 93.7
}