{
  "config": "small",
  "n_params": 3443136,
  "lr": 0.0003,
  "best_val_loss": 1.565112087726593,
  "final_train_loss": 1.5309224128723145,
  "total_steps": 801,
  "effective_batch_tokens": 131072,
  "wall_time_s": 92.5
}