{
  "config": "small",
  "parameterization": "muP",
  "n_params": 4229568,
  "lr": 0.001,
  "best_val_loss": 1.3604770851135255,
  "final_train_loss": 1.3377165496349335,
  "total_steps": 801,
  "effective_batch_tokens": 131072,
  "wall_time_s": 93.8
}