{
  "config": "small_wide",
  "n_params": 2557632,
  "lr": 0.0003,
  "best_val_loss": 1.6371738338470458,
  "final_train_loss": 1.5990581214427948,
  "total_steps": 801,
  "effective_batch_tokens": 131072,
  "wall_time_s": 68.8
}