{
  "config": "xl",
  "parameterization": "muP",
  "n_params": 91245312,
  "lr": 0.01,
  "best_val_loss": 1.527434060573578,
  "final_train_loss": 1.5067930817604065,
  "total_steps": 801,
  "effective_batch_tokens": 131072,
  "wall_time_s": 774.7
}