{
  "config": "medium_wide",
  "parameterization": "muP",
  "n_params": 10227072,
  "lr": 0.003,
  "best_val_loss": 1.154727704524994,
  "final_train_loss": 1.1507057547569275,
  "total_steps": 801,
  "effective_batch_tokens": 131072,
  "wall_time_s": 118.4
}