{
  "config": "tiny",
  "n_params": 1311872,
  "lr": 0.01,
  "best_val_loss": 1.3320255947113038,
  "final_train_loss": 1.3135813772678375,
  "total_steps": 801,
  "effective_batch_tokens": 131072,
  "wall_time_s": 53.0
}