{
  "config": "small",
  "parameterization": "muP",
  "n_params": 4229568,
  "lr": 0.01,
  "best_val_loss": 1.2538254356384277,
  "final_train_loss": 1.2423294484615326,
  "total_steps": 801,
  "effective_batch_tokens": 131072,
  "wall_time_s": 92.4
}