{
  "config": "small",
  "n_params": 3443136,
  "lr": 0.03,
  "best_val_loss": 2.7751365756988524,
  "final_train_loss": 2.7556915283203125,
  "total_steps": 801,
  "effective_batch_tokens": 131072,
  "wall_time_s": 92.2
}