{
  "config": "large_wide",
  "n_params": 14684672,
  "lr": 0.003,
  "best_val_loss": 0.989815183877945,
  "final_train_loss": 0.989548072218895,
  "total_steps": 801,
  "effective_batch_tokens": 131072,
  "wall_time_s": 161.7
}