{
  "config": "small_wide",
  "parameterization": "muP",
  "n_params": 3344064,
  "lr": 0.003,
  "best_val_loss": 1.204705376625061,
  "final_train_loss": 1.1982293128967285,
  "total_steps": 801,
  "effective_batch_tokens": 131072,
  "wall_time_s": 70.4
}