{
  "config": "small_wide",
  "parameterization": "muP",
  "n_params": 3344064,
  "lr": 0.001,
  "best_val_loss": 1.3837498927116394,
  "final_train_loss": 1.3615048229694366,
  "total_steps": 801,
  "effective_batch_tokens": 131072,
  "wall_time_s": 70.3
}