{
  "config": "tiny",
  "n_params": 1311872,
  "lr": 0.0003,
  "best_val_loss": 1.8812091040611267,
  "final_train_loss": 1.8356415927410126,
  "total_steps": 801,
  "effective_batch_tokens": 131072,
  "wall_time_s": 52.8
}