{
  "config": "small",
  "n_params": 3443136,
  "lr": 0.003,
  "best_val_loss": 1.1104402613639832,
  "final_train_loss": 1.106631338596344,
  "total_steps": 801,
  "effective_batch_tokens": 131072,
  "wall_time_s": 90.9
}