{
  "config": "small",
  "parameterization": "muP",
  "n_params": 4229568,
  "lr": 0.0001,
  "best_val_loss": 3.0897137928009033,
  "final_train_loss": 3.032284736633301,
  "total_steps": 801,
  "effective_batch_tokens": 131072,
  "wall_time_s": 94.5
}