{
  "config": "small_wide",
  "n_params": 2557632,
  "lr": 0.003,
  "best_val_loss": 1.1353886675834657,
  "final_train_loss": 1.129495769739151,
  "total_steps": 801,
  "effective_batch_tokens": 131072,
  "wall_time_s": 68.8
}