{
  "config": "large",
  "parameterization": "muP",
  "n_params": 35662336,
  "lr": 0.01,
  "best_val_loss": 1.4385377383232116,
  "final_train_loss": 1.421474128961563,
  "total_steps": 801,
  "effective_batch_tokens": 131072,
  "wall_time_s": 364.5
}